Alamance,151131,Alamance,Caswell,Chatham,Guilford,Orange,Randolph,Rockingham
Alexander,37198,Alexander,Caldwell,Catawba,Iredell,Wilkes
Alleghany,11155,Alleghany,Ashe,Surry,Wilkes
Anson,26948,Anson,Montgomery,Richmond,Stanly,Union
Ashe,27281,Alleghany,Ashe,Watauga,Wilkes
Avery,17797,Avery,Burke,Caldwell,McDowell,Mitchell,Watauga
Beaufort,47759,Beaufort,Craven,Hyde,Martin,Pamlico,Pitt,Washington
Bertie,21282,Bertie,Chowan,Halifax,Hertford,Martin,Northampton,Washington
Bladen,35190,Bladen,Columbus,Cumberland,Pender,Robeson,Sampson
Brunswick,107431,Brunswick,Columbus,New Hanover,Pender
Buncombe,238318,Buncombe,Haywood,Henderson,McDowell,Madison,Rutherford,Yancey
Burke,90912,Avery,Burke,Caldwell,Catawba,Cleveland,Lincoln,McDowell,Rutherford
Cabarrus,178011,Cabarrus,Iredell,Mecklenburg,Rowan,Stanly,Union
Caldwell,83029,Alexander,Avery,Burke,Caldwell,Catawba,Watauga,Wilkes
Camden,9980,Camden,Currituck,Gates,Pasquotank,Tyrrell
Carteret,66469,Carteret,Craven,Hyde,Jones,Onslow,Pamlico
Caswell,23719,Alamance,Caswell,Orange,Person,Rockingham
Catawba,154358,Alexander,Burke,Caldwell,Catawba,Iredell,Lincoln
Chatham,63505,Alamance,Chatham,Durham,Harnett,Lee,Moore,Orange,Randolph,Wake
Cherokee,27444,Cherokee,Clay,Graham,Macon
Chowan,14793,Bertie,Chowan,Gates,Hertford,Perquimans,Washington
Clay,10587,Cherokee,Clay,Macon
Cleveland,98078,Burke,Cleveland,Gaston,Lincoln,Rutherford
Columbus,58098,Bladen,Brunswick,Columbus,Pender,Robeson
Craven,103505,Beaufort,Carteret,Craven,Jones,Lenoir,Pamlico,Pitt
Cumberland,319431,Bladen,Cumberland,Harnett,Hoke,Moore,Robeson,Sampson
Currituck,23547,Camden,Currituck,Dare,Tyrrell
Dare,33920,Currituck,Dare,Hyde,Tyrrell
Davidson,162878,Davidson,Davie,Forsyth,Guilford,Montgomery,Randolph,Rowan,Stanly
Davie,41240,Davidson,Davie,Forsyth,Iredell,Rowan,Yadkin
Duplin,58505,Duplin,Jones,Lenoir,Onslow,Pender,Sampson,Wayne
Durham,267587,Chatham,Durham,Granville,Orange,Person,Wake
Edgecombe,56552,Edgecombe,Halifax,Martin,Nash,Pitt,Wilson
Forsyth,350670,Davidson,Davie,Forsyth,Guilford,Rockingham,Stokes,Surry,Yadkin
Franklin,60619,Franklin,Granville,Halifax,Johnston,Nash,Vance,Wake,Warren
Gaston,206086,Cleveland,Gaston,Lincoln,Mecklenburg
Gates,12197,Camden,Chowan,Gates,Hertford,Pasquotank,Perquimans
Graham,8861,Cherokee,Graham,Macon,Swain
Granville,59916,Durham,Franklin,Granville,Person,Vance,Wake
Greene,21362,Greene,Lenoir,Pitt,Wayne,Wilson
Guilford,488406,Alamance,Davidson,Forsyth,Guilford,Randolph,Rockingham,Stokes
Halifax,54691,Bertie,Edgecombe,Franklin,Halifax,Martin,Nash,Northampton,Warren
Harnett,114678,Chatham,Cumberland,Harnett,Johnston,Lee,Moore,Sampson,Wake
Haywood,59036,Buncombe,Haywood,Henderson,Jackson,Madison,Swain,Transylvania
Henderson,106740,Buncombe,Haywood,Henderson,Polk,Rutherford,Transylvania
Hertford,24669,Bertie,Chowan,Gates,Hertford,Northampton
Hoke,46952,Cumberland,Hoke,Moore,Richmond,Robeson,Scotland
Hyde,5810,Beaufort,Carteret,Dare,Hyde,Pamlico,Tyrrell,Washington
Iredell,159437,Alexander,Cabarrus,Catawba,Davie,Iredell,Lincoln,Mecklenburg,Rowan,Wilkes,Yadkin
Jackson,40271,Haywood,Jackson,Macon,Swain,Transylvania
Johnston,168878,Franklin,Harnett,Johnston,Nash,Sampson,Wake,Wayne,Wilson
Jones,10153,Carteret,Craven,Duplin,Jones,Lenoir,Onslow
Lee,57866,Chatham,Harnett,Lee,Moore
Lenoir,59495,Craven,Duplin,Greene,Jones,Lenoir,Pitt,Wayne
Lincoln,78265,Burke,Catawba,Cleveland,Gaston,Iredell,Lincoln,Mecklenburg
McDowell,44996,Avery,Buncombe,Burke,McDowell,Mitchell,Rutherford,Yancey
Macon,33922,Cherokee,Clay,Graham,Jackson,Macon,Swain
Madison,20764,Buncombe,Haywood,Madison,Yancey
Martin,24505,Beaufort,Bertie,Edgecombe,Halifax,Martin,Pitt,Washington
Mecklenburg,919628,Cabarrus,Gaston,Iredell,Lincoln,Mecklenburg,Union
Mitchell,15579,Avery,McDowell,Mitchell,Yancey
Montgomery,27798,Anson,Davidson,Montgomery,Moore,Randolph,Richmond,Rowan,Stanly
Moore,88247,Chatham,Cumberland,Harnett,Hoke,Lee,Montgomery,Moore,Randolph,Richmond,Scotland
Nash,95840,Edgecombe,Franklin,Halifax,Johnston,Nash,Wake,Warren,Wilson
New Hanover,202667,Brunswick,New Hanover,Pender
Northampton,22099,Bertie,Halifax,Hertford,Northampton,Warren
Onslow,177772,Carteret,Duplin,Jones,Onslow,Pender
Orange,133801,Alamance,Caswell,Chatham,Durham,Orange,Person
Pamlico,13144,Beaufort,Carteret,Craven,Hyde,Pamlico
Pasquotank,40661,Camden,Gates,Pasquotank,Perquimans,Tyrrell
Pender,52217,Bladen,Brunswick,Columbus,Duplin,New Hanover,Onslow,Pender,Sampson
Perquimans,13453,Chowan,Gates,Pasquotank,Perquimans,Tyrrell,Washington
Person,39464,Caswell,Durham,Granville,Orange,Person
Pitt,168148,Beaufort,Craven,Edgecombe,Greene,Lenoir,Martin,Pitt,Wilson
Polk,20510,Henderson,Polk,Rutherford
Randolph,141752,Alamance,Chatham,Davidson,Guilford,Montgomery,Moore,Randolph
Richmond,46639,Anson,Hoke,Montgomery,Moore,Richmond,Scotland,Stanly
Robeson,134168,Bladen,Columbus,Cumberland,Hoke,Robeson,Scotland
Rockingham,93643,Alamance,Caswell,Forsyth,Guilford,Rockingham,Stokes
Rowan,138428,Cabarrus,Davidson,Davie,Iredell,Montgomery,Rowan,Stanly
Rutherford,67810,Buncombe,Burke,Cleveland,Henderson,McDowell,Polk,Rutherford
Sampson,63431,Bladen,Cumberland,Duplin,Harnett,Johnston,Pender,Sampson,Wayne
Scotland,36157,Hoke,Moore,Richmond,Robeson,Scotland
Stanly,60585,Anson,Cabarrus,Davidson,Montgomery,Richmond,Rowan,Stanly,Union
Stokes,47401,Forsyth,Guilford,Rockingham,Stokes,Surry
Surry,73673,Alleghany,Forsyth,Stokes,Surry,Wilkes,Yadkin
Swain,13981,Graham,Haywood,Jackson,Macon,Swain
Transylvania,33090,Haywood,Henderson,Jackson,Transylvania
Tyrrell,4407,Camden,Currituck,Dare,Hyde,Pasquotank,Perquimans,Tyrrell,Washington
Union,201292,Anson,Cabarrus,Mecklenburg,Stanly,Union
Vance,45422,Franklin,Granville,Vance,Warren
Wake,900993,Chatham,Durham,Franklin,Granville,Harnett,Johnston,Nash,Wake
Warren,20972,Franklin,Halifax,Nash,Northampton,Vance,Warren
Washington,13228,Beaufort,Bertie,Chowan,Hyde,Martin,Perquimans,Tyrrell,Washington
Watauga,51079,Ashe,Avery,Caldwell,Watauga,Wilkes
Wayne,122623,Duplin,Greene,Johnston,Lenoir,Sampson,Wayne,Wilson
Wilkes,69340,Alexander,Alleghany,Ashe,Caldwell,Iredell,Surry,Watauga,Wilkes,Yadkin
Wilson,81234,Edgecombe,Greene,Johnston,Nash,Pitt,Wayne,Wilson
Yadkin,38406,Davie,Forsyth,Iredell,Surry,Wilkes,Yadkin
Yancey,17818,Buncombe,McDowell,Madison,Mitchell,Yancey